<?xml version="1.0" encoding="UTF-8"?>
<project-private xmlns="http://www.netbeans.org/ns/project-private/1">
    <editor-bookmarks xmlns="http://www.netbeans.org/ns/editor-bookmarks/2" lastBookmarkId="0"/>
    <open-files xmlns="http://www.netbeans.org/ns/projectui-open-files/2">
        <group>
            <file>file:/C:/Users/Gerson/Desktop/SIS%20258/2-2025/SistemasDistribuidosGutierrezMurilloGerson/Ejercicios%20en%20clase/SimpleChat/src/simplechat/Principal.java</file>
            <file>file:/C:/Users/Gerson/Desktop/SIS%20258/2-2025/SistemasDistribuidosGutierrezMurilloGerson/Ejercicios%20en%20clase/SimpleChat/src/simplechat/SimpleChat.java</file>
            <file>file:/C:/Users/Gerson/Desktop/SIS%20258/2-2025/SistemasDistribuidosGutierrezMurilloGerson/Ejercicios%20en%20clase/SimpleChat/src/simplechat/VotacionChat.java</file>
        </group>
    </open-files>
</project-private>
